Drop table if exists bookedTicket;
Drop table if exists ticket;
Drop table if exists carriage;
Drop table if exists seats;
Drop table if exists typecarriage;
Drop table if exists stops;
Drop table if exists trips;
Drop table if exists cities;
create Table cities (
name varchar NOT NULL PRIMARY KEY
);

create table trips(
ID serial NOT NULL primary key,
number varchar, 
city_from varchar NOT NULL references cities(name) ON DELETE RESTRICT,
city_to varchar NOT NULL references cities(name) ON DELETE RESTRICT,
departure_date timestamp
);

create table stops(
ID serial NOT NULL primary key,
arrive_date timestamp,
tripID integer references trips(ID),
city varchar NOT NULL references cities(name) on Delete restrict
); 

create table typecarriage(
ID serial not null primary key,
typeDescription varchar
);

create table seats(
ID serial NOT NULL primary key,
typeCrr_ID integer NOT NULL references typecarriage(ID) on Delete restrict,
typeSeat varchar,
numberSeat integer
); 


create table carriage(
ID serial NOT NULL primary key,
tripID integer references trips(ID),
typeCrr_ID int NOT NULL references typecarriage(ID) ON DELETE RESTRICT,
numberCarriage integer
);

create table ticket(
ID serial NOT NULL primary key,
tripID integer references trips(ID),
city_from varchar NOT NULL references cities(name) ON DELETE RESTRICT,
city_to varchar NOT NULL references cities(name) ON DELETE RESTRICT,
departure_date timestamp,
seatID integer references seats(ID),
carrID integer references carriage(ID),
customerFirstName varchar
); 

create table bookedTicket(
ID serial NOT NULL primary key,
ticketID integer NOT NULL references ticket(ID) ON DELETE RESTRICT,
stopFromID integer NOT NULL references stops(ID) ON DELETE RESTRICT,
stopToID integer NOT NULL references stops(ID) ON DELETE RESTRICT
);


insert into cities values('msk');
insert into cities values('chelybinsk');
insert into cities values('omsk');
insert into cities values('novosibirsk');
insert into cities values('krasnoyrsk');
insert into cities values('irkutsk');
insert into cities values('habarovsk');
insert into cities values('vladivostok');
--insert into cities values('barnaul');
--insert into cities values('kemerovo');

--insert into trips values(,'A-1','msk','omsk','2018-04-01 21:00:00');
insert into trips(id,number,city_from,city_to,departure_date) values
(100,'A-1','omsk','vladivostok','2018-05-10 00:00:00'),
(101,'A-2','msk','vladivostok','2018-05-11 00:00:00'),
(102,'A-3','irkutsk','vladivostok','2018-05-12 00:00:00'),
(103,'A-4','msk','omsk','2018-05-13 00:00:00'),
(104,'A-5','msk','irkutsk','2018-05-14 00:00:00'),
(105,'A-6','omsk','irkutsk','2018-05-15 00:00:00'),
(106,'A-7','novosibirsk','msk','2018-05-16 00:00:00');

insert into stops(id,arrive_date,tripID,city) values
--'omsk'-'vladivostok'
(1,'2018-05-10 00:00:00',100,'omsk'),
(2,'2018-05-10 11:00:00',100,'novosibirsk'),
(3,'2018-05-10 22:00:00',100,'krasnoyrsk'),
(4,'2018-05-11 09:00:00',100,'irkutsk'),
(5,'2018-05-11 20:00:00',100,'habarovsk'),
(6,'2018-05-12 07:00:00',100,'vladivostok'),
--'msk'-'vladivostok'
(7,'2018-05-11 00:00:00',101,'msk'),
(8,'2018-05-11 11:00:00',101,'chelybinsk'),
(9,'2018-05-11 22:00:00',101,'omsk'),
(10,'2018-05-12 09:00:00',101,'novosibirsk'),
(11,'2018-05-12 20:00:00',101,'krasnoyrsk'),
(12,'2018-05-13 07:00:00',101,'irkutsk'),
(13,'2018-05-13 18:00:00',101,'habarovsk'),
(14,'2018-05-14 05:00:00',101,'vladivostok'),
--'irkutsk'-'vladivostok'
(15,'2018-05-12 00:00:00',102,'irkutsk'),
(16,'2018-05-12 11:00:00',102,'habarovsk'),
(17,'2018-05-12 22:00:00',102,'vladivostok'),
--'msk'-'omsk'
(18,'2018-05-13 00:00:00',103,'msk'),
(19,'2018-05-13 11:00:00',103,'chelybinsk'),
(20,'2018-05-13 22:00:00',103,'omsk'),
--'msk'-'irkutsk'
(21,'2018-05-14 00:00:00',104,'msk'),
(22,'2018-05-14 11:00:00',104,'chelybinsk'),
(23,'2018-05-14 22:00:00',104,'omsk'),
(24,'2018-05-15 09:00:00',104,'novosibirsk'),
(25,'2018-05-15 20:00:00',104,'krasnoyrsk'),
(26,'2018-05-16 07:00:00',104,'irkutsk'),
--'omsk'-'irkutsk'
(27,'2018-05-15 00:00:00',105,'omsk'),
(28,'2018-05-15 11:00:00',105,'novosibirsk'),
(29,'2018-05-15 22:00:00',105,'krasnoyrsk'),
(30,'2018-05-16 09:00:00',105,'irkutsk'),
--'novosibirsk','msk'
(31,'2018-05-16 00:00:00',106,'novosibirsk'),
(32,'2018-05-16 11:00:00',106,'omsk'),
(33,'2018-05-16 22:00:00',106,'chelybinsk'),
(34,'2018-05-17 09:00:00',106,'msk');

insert into typecarriage(id,typeDescription) values
(1,'купе'),
(2,'плацкарт');

insert into seats(id,typeCrr_ID,typeSeat,numberSeat) values
--купе
(1,1,'нижняя полка',1),
(2,1,'верхняя полка',2),
(3,1,'нижняя полка',3),
(4,1,'верхняя полка',4),
(5,1,'нижняя полка',5),
(6,1,'верхняя полка',6),
(7,1,'нижняя полка',7),
(8,1,'верхняя полка',8),
(9,1,'нижняя полка',9),
(10,1,'верхняя полка',10),
(11,1,'нижняя полка',11),
(12,1,'верхняя полка',12),
(13,1,'нижняя полка',13),
(14,1,'верхняя полка',14),
(15,1,'нижняя полка',15),
(16,1,'верхняя полка',16),
--плацкарт
(17,2,'нижняя полка',1),
(18,2,'верхняя полка',2),
(19,2,'нижняя полка',3),
(20,2,'верхняя полка',4),
(21,2,'нижняя полка',5),
(22,2,'верхняя полка',6),
(23,2,'нижняя полка',7),
(24,2,'верхняя полка',8),
(25,2,'нижняя полка',9),
(26,2,'верхняя полка',10),
(27,2,'нижняя полка',11),
(28,2,'верхняя полка',12),
(29,2,'нижняя полка',13),
(30,2,'верхняя полка',14),
(31,2,'нижняя полка',15),
(32,2,'верхняя полка',16),
(33,2,'боковая верхняя полка',17),
(34,2,'боковая верхняя полка',18),
(35,2,'боковая верхняя полка',19),
(36,2,'боковая верхняя полка',20),
(37,2,'боковая верхняя полка',21),
(38,2,'боковая верхняя полка',22);

insert into carriage(id,tripID,typeCrr_ID,numberCarriage) values
--100
(1,100,1,1),
(2,100,1,2),
(3,100,1,3),
(4,100,1,4),
(5,100,2,5),
--101
(6,101,1,1),
(7,101,1,2),
(8,101,2,3),
--102
(9,102,1,1),
(10,102,2,2);

insert into ticket(id,tripID,city_from,city_to,departure_date,seatID,carrID,customerFirstName) values
--100
(1,100,'novosibirsk','habarovsk','2018-05-10 11:00:00',3,1,'Петя'),
(2,100,'krasnoyrsk','vladivostok','2018-05-10 22:00:00',7,3,'Глаша'),
--102
(3,102,'habarovsk','vladivostok','2018-05-12 11:00:00',38,10,'Вася');

insert into bookedTicket(id,ticketID,stopFromID,stopToID) values
(1,1,2,5),
(2,2,3,6),
(3,3,16,17);

